primeiro_nome,sobrenome,email,idade,genero,username,password
.ma@example.com, 
                     34, 
                     male, 
                     blackswan381
                     helena
Apolline, 
                     Rolland,
                     apolline.rolland@example.com, 
                     46, 
                     female, 
                     happytiger768
                     wibble
نازنین, 
                     رضاییان,
                     nznyn.rdyyn@example.com, 
                     34, 
                     female, 
                     whiteelephant563
                     jaybird
Aminadabe, 
                     das Neves,
                     aminadabe.dasneves@example.com, 
                     23, 
                     male, 
                     tinykoala650
                     pacers
Kayla, 
                     Kumar,
                     kayla.kumar@example.com, 
                     61, 
                     female, 
                     lazyfrog947
                     another
Stanislaw, 
                     Thomann,
                     stanislaw.thomann@example.com, 
                     65, 
                     male, 
                     brownfish689
                     oatmeal
Thomas, 
                     Overvik,
                     thomas.overvik@example.com, 
                     39, 
                     male, 
                     ticklishgoose911
                     celebrity
Rowin, 
                     Diender,
                     rowin.diender@example.com, 
                     56, 
                     male, 
                     bigelephant469
                     heaven
Fahri, 
                     Ter Borg,
                     fahri.terborg@example.com, 
                     74, 
                     male, 
                     crazygorilla225
                     stargate
Ferenc, 
                     Van Blanken,
                     ferenc.vanblanken@example.com, 
                     64, 
                     male, 
                     bluegoose640
                     marlin
Naomi, 
                     Brown,
                     naomi.brown@example.com, 
                     46, 
                     female, 
                     happytiger765
                     passw0rd
Wesley, 
                     Olson,
                     wesley.olson@example.com, 
                     43, 
                     male, 
                     ticklishlion489
                     spirit
Eli, 
                     Brewer,
                     eli.brewer@example.com, 
                     70, 
                     male, 
                     ticklishpanda599
                     keeper
Arnold, 
                     Colin,
                     arnold.colin@example.com, 
                     65, 
                     male, 
                     silverbear935
                     paranoid
Phoenix, 
                     Williams,
                     phoenix.williams@example.com, 
                     40, 
                     male, 
                     yellowcat485
                     sidney
Kübra, 
                     Ekici,
                     kubra.ekici@example.com, 
                     41, 
                     female, 
                     silversnake580
                     gabber
Isaac, 
                     Diaz,
                     isaac.diaz@example.com, 
                     33, 
                     male, 
                     crazyswan484
                     dynasty
Jennifer, 
                     Andre,
                     jennifer.andre@example.com, 
                     60, 
                     female, 
                     angrymouse714
                     hrfzlz
Oswald, 
                     Gaillard,
                     oswald.gaillard@example.com, 
                     62, 
                     male, 
                     orangepeacock355
                     cerberus
